{
	"Format": "1.19.0",
		"ConfigSchema": {
		"ModToggled": {
			"Description": "Leave as 'on' to use this mod. Set to 'off' to turn off the mod.",
			"AllowValues": "on, off",
			"Default": "on"
			},
		"RewardModified": {
			"Description": "Choose true if you want to have a modified reward, and select RingReward option below. Choose false if you want to have the vanilla reward (small magnet ring).",
			"AllowValues": "true, false",
			"Default": "true"
			},
		"RingReward": {
			"Description": "If RewardModified is true, choose slime or magnet. If RewardModified is false, choose N/A.",
			"AllowValues": "slime, magnet, N/A",
			"Default": "slime"
			},
		},
	"Changes": [
		//Graphic Change
		{ 
			"Action": "EditImage",
			"Target": "LooseSprites/JunimoNote",
			"FromFile": "assets/Gemstone.png",
			"FromArea": { "X": 64, "Y": 212, "Width": 32, "Height": 32},
			"ToArea": { "X": 64, "Y": 212, "Width": 32, "Height": 32},
			"When": {
				"ModToggled": "on"
			}
		},
		//Data Change
		{ // vanilla reward: small magnet ring
			"Action": "EditData",
			"Target": "Data/Bundles",
			"Entries": {
				"Boiler Room/22": "Gemologist's/R 518 1/68 3 0 60 3 0 64 1 0 72 1 0/1/2",
			},
			// 64 = ruby (1), 72 = diamond (1), 68 = topaz (3), 60 = emerald (3)
			"When": {
			"ModToggled": "on",
			"RewardModified": "false"
			}
		},
		{ // reward modified: regular magnet ring instead of small magnet ring
			"Action": "EditData",
			"Target": "Data/Bundles",
			"Entries": {
				"Boiler Room/22": "Gemologist's/R 519 1/68 3 0 60 3 0 64 1 0 72 1 0/1/2",
			},
			// 64 = ruby (1), 72 = diamond (1), 68 = topaz (3), 60 = emerald (3)
			"When": {
			"ModToggled": "on",
			"RewardModified": "true",
			"RingReward": "magnet"
			}
		},
		{ // reward modified: slime charmer ring
			"Action": "EditData",
			"Target": "Data/Bundles",
			"Entries": {
				"Boiler Room/22": "Gemologist's/R 520 1/68 3 0 60 3 0 64 1 0 72 1 0/1/2",
			},
			// 64 = ruby (1), 72 = diamond (1), 68 = topaz (3), 60 = emerald (3)
			"When": {
			"ModToggled": "on",
			"RewardModified": "true",
			"RingReward": "slime"
			}
		}
	]
}